{
  "nssm_rmse": 0.54159784491137,
  "nssm_mae": 0.4393475651741028,
  "lstm_rmse": 0.5719281917077598,
  "lstm_mae": 0.46043163537979126
}